{
  "step": 99000,
  "lr": 0.00010022655592756672,
  "train_loss": 2.399661273165513,
  "train_acc": 0.3235294117647059,
  "val_loss": 2.4399045568831426,
  "val_acc": 0.2521276595744681,
  "test_loss": 2.4394639558827578,
  "test_acc": 0.2580131043031698,
  "elapsed_sec": 819.7059659957886
}