{
  "step": 99000,
  "lr": 0.00010022655592756672,
  "train_loss": 2.399723474899984,
  "train_acc": 0.3228206945428774,
  "val_loss": 2.4399750242842004,
  "val_acc": 0.2521276595744681,
  "test_loss": 2.4395340076268868,
  "test_acc": 0.256596422879405,
  "elapsed_sec": 801.7521119117737
}