{
  "step": 95500,
  "lr": 0.0001045803511535803,
  "train_loss": 2.881245730026321,
  "train_acc": 0.2179305457122608,
  "val_loss": 2.9165273656236366,
  "val_acc": 0.16595744680851063,
  "test_loss": 2.920240738507138,
  "test_acc": 0.1506994864529839,
  "elapsed_sec": 2722.7166368961334
}