{
  "step": 100000,
  "lr": 0.0001,
  "train_loss": 2.9419675309298143,
  "train_acc": 0.2005669737774628,
  "val_loss": 2.977167431851651,
  "val_acc": 0.16702127659574467,
  "test_loss": 2.9858119619912293,
  "test_acc": 0.1421993979103949,
  "elapsed_sec": 3933.9660942554474
}