{
  "step": 99000,
  "lr": 0.00010022655592756672,
  "train_loss": 2.391924000901588,
  "train_acc": 0.3182140326009922,
  "val_loss": 2.4332525588096456,
  "val_acc": 0.25957446808510637,
  "test_loss": 2.4392487487266057,
  "test_acc": 0.2427837789976979,
  "elapsed_sec": 3182.0560672283173
}