{
  "step": 99000,
  "lr": 0.00010022655592756672,
  "train_loss": 2.3917554387971918,
  "train_acc": 0.31679659815733524,
  "val_loss": 2.433973398614437,
  "val_acc": 0.26063829787234044,
  "test_loss": 2.439244683240185,
  "test_acc": 0.2431379493536391,
  "elapsed_sec": 1780.9647588729858
}