{
  "step": 99500,
  "lr": 0.00010005664254675622,
  "train_loss": 2.8765767245829994,
  "train_acc": 0.2179305457122608,
  "val_loss": 2.9155230471428406,
  "val_acc": 0.18723404255319148,
  "test_loss": 2.922900742844436,
  "test_acc": 0.15459536036833718,
  "elapsed_sec": 835.7515058517456
}