{
  "step": 97500,
  "lr": 0.00010141535082162599,
  "train_loss": 2.996353162255885,
  "train_acc": 0.20623671155209072,
  "val_loss": 3.0331718465115163,
  "val_acc": 0.16063829787234044,
  "test_loss": 3.0440432523781795,
  "test_acc": 0.14095980166460068,
  "elapsed_sec": 1970.4852628707886
}