{
  "step": 95500,
  "lr": 0.0001045803511535803,
  "train_loss": 2.5959692737141102,
  "train_acc": 0.2699738903394256,
  "val_loss": 2.631002020312701,
  "val_acc": 0.219435736677116,
  "test_loss": 2.62571457735042,
  "test_acc": 0.21714733133237635,
  "elapsed_sec": 3951.7127900123596
}