{
  "step": 100000,
  "lr": 0.0001,
  "train_loss": 2.597184176731359,
  "train_acc": 0.29321148825065274,
  "val_loss": 2.6341237864897917,
  "val_acc": 0.23746081504702193,
  "test_loss": 2.6267064272634015,
  "test_acc": 0.23946235155944148,
  "elapsed_sec": 1564.766901254654
}