{
  "step": 97500,
  "lr": 0.00010141535082162599,
  "train_loss": 2.752589943639292,
  "train_acc": 0.27154046997389036,
  "val_loss": 2.783942637398699,
  "val_acc": 0.2421630094043887,
  "test_loss": 2.777107410793063,
  "test_acc": 0.22863108443168473,
  "elapsed_sec": 1238.8678262233734
}