{
  "step": 8500,
  "lr": 0.0009873152057455939,
  "train_loss": 3.088999981917538,
  "train_acc": 0.15848563968668408,
  "val_loss": 3.118533242085137,
  "val_acc": 0.14890282131661442,
  "test_loss": 3.111466132052866,
  "test_acc": 0.12997520553308103,
  "elapsed_sec": 98.5770058631897
}