{
  "step": 95500,
  "lr": 0.0001045803511535803,
  "train_loss": 2.5998740417839032,
  "train_acc": 0.28720626631853785,
  "val_loss": 2.636299366487605,
  "val_acc": 0.22727272727272727,
  "test_loss": 2.629677861567252,
  "test_acc": 0.23724389925616599,
  "elapsed_sec": 8798.434955835342
}