{
  "step": 95500,
  "lr": 0.0001045803511535803,
  "train_loss": 2.600063314014564,
  "train_acc": 0.2908616187989556,
  "val_loss": 2.636558059614654,
  "val_acc": 0.22884012539184953,
  "test_loss": 2.629943694611621,
  "test_acc": 0.24011483753099308,
  "elapsed_sec": 2102.5758140087128
}