{
  "step": 14500,
  "lr": 0.0009593343979095333,
  "train_loss": 2.4861421808125193,
  "train_acc": 0.3072289156626506,
  "val_loss": 2.61069966377096,
  "val_acc": 0.20957446808510638,
  "test_loss": 2.627515656897003,
  "test_acc": 0.18080396670798654,
  "elapsed_sec": 115.69451189041138
}