{
  "step": 52500,
  "lr": 0.000521459236154546,
  "train_loss": 2.4514183513160126,
  "train_acc": 0.3267186392629341,
  "val_loss": 2.610520145740915,
  "val_acc": 0.20851063829787234,
  "test_loss": 2.6273792373916627,
  "test_acc": 0.1875332034708695,
  "elapsed_sec": 3895.3895168304443
}