{
  "step": 15000,
  "lr": 0.0009563169422289797,
  "train_loss": 4.526173674074331,
  "train_acc": 0.023630504833512353,
  "val_loss": 4.5456312237953655,
  "val_acc": 0.021482277121374866,
  "test_loss": 4.554476092522197,
  "test_acc": 0.01896921975662133,
  "elapsed_sec": 164.09168410301208
}