{
  "step": 97500,
  "lr": 0.00010141535082162599,
  "train_loss": 2.6880017932961566,
  "train_acc": 0.2984334203655353,
  "val_loss": 2.7272274008365263,
  "val_acc": 0.2445141065830721,
  "test_loss": 2.717088606748664,
  "test_acc": 0.2557745008482318,
  "elapsed_sec": 5108.33687877655
}