{
  "step": 97500,
  "lr": 0.00010141535082162599,
  "train_loss": 2.6875282125746924,
  "train_acc": 0.29869451697127936,
  "val_loss": 2.726708526521641,
  "val_acc": 0.2445141065830721,
  "test_loss": 2.7165477363586925,
  "test_acc": 0.2565574840140937,
  "elapsed_sec": 913.6436851024628
}