{
  "step": 99000,
  "lr": 0.00010022655592756672,
  "train_loss": 2.3987021975108362,
  "train_acc": 0.3377037562012757,
  "val_loss": 2.4397910564503773,
  "val_acc": 0.25957446808510637,
  "test_loss": 2.438381311258891,
  "test_acc": 0.2668673632017,
  "elapsed_sec": 2299.4116399288177
}