{
  "step": 99000,
  "lr": 0.00010022655592756672,
  "train_loss": 2.3987835359269214,
  "train_acc": 0.33947554925584694,
  "val_loss": 2.4398755519948105,
  "val_acc": 0.26063829787234044,
  "test_loss": 2.4384674552227095,
  "test_acc": 0.2666902780237294,
  "elapsed_sec": 2778.998263835907
}