{
  "step": 99500,
  "lr": 0.00010005664254675622,
  "train_loss": 1.3100872980120501,
  "train_acc": 0.7934089298369951,
  "val_loss": 1.3780232845468725,
  "val_acc": 0.7063829787234043,
  "test_loss": 1.3867403970305976,
  "test_acc": 0.7079865415264742,
  "elapsed_sec": 3617.627172231674
}