{
  "step": 97500,
  "lr": 0.00010141535082162599,
  "train_loss": 1.4015012105080695,
  "train_acc": 0.7902197023387668,
  "val_loss": 1.466020172707578,
  "val_acc": 0.6861702127659575,
  "test_loss": 1.4666095178951009,
  "test_acc": 0.7056844342128564,
  "elapsed_sec": 849.6231439113617
}