{
  "step": 390000,
  "lr": 0.0004340370415046953,
  "train_loss": 0.12471106392411432,
  "train_acc": 0.998926116838488,
  "val_loss": 0.13157309707010087,
  "val_acc": 0.9967776584317938,
  "test_loss": 0.13241256498850432,
  "test_acc": 0.9973154362416108,
  "elapsed_sec": 5740.155249118805
}