{
  "step": 496000,
  "lr": 0.00010045976265407269,
  "train_loss": 2.608364959109696,
  "train_acc": 0.18045112781954886,
  "val_loss": 2.6563387618797294,
  "val_acc": 0.1364124597207304,
  "test_loss": 2.656784374882856,
  "test_acc": 0.13367931281317108,
  "elapsed_sec": 12798.242565870285
}