{
  "step": 7500,
  "lr": 0.0009904611007966505,
  "train_loss": 2.985580483005331,
  "train_acc": 0.18761188686000715,
  "val_loss": 3.0531663899775094,
  "val_acc": 0.13963480128893663,
  "test_loss": 3.0511682690597897,
  "test_acc": 0.13564781675017895,
  "elapsed_sec": 83.92518711090088
}