{
  "step": 97500,
  "lr": 0.00010141535082162599,
  "train_loss": 2.575074470644991,
  "train_acc": 0.3055853920515575,
  "val_loss": 2.7719358253171698,
  "val_acc": 0.16004296455424274,
  "test_loss": 2.768233168946214,
  "test_acc": 0.17073170731707318,
  "elapsed_sec": 1018.3960540294647
}