{
  "step": 484000,
  "lr": 0.00010735037272494874,
  "train_loss": 4.069368765296682e-06,
  "train_acc": 1.0,
  "val_loss": 4.2513188506445885e-06,
  "val_acc": 1.0,
  "test_loss": 4.2687410484672676e-06,
  "test_acc": 1.0,
  "elapsed_sec": 3686.838659763336
}